Comment,Designator,LCSC Part #,Footprint

"10uF","C1, C2, C3, C4, C5, C6","C22380050","1210_C"
"100nF","C7, C13, C14, C21, C22, C23","C14663","0603_C"
"100.0 �F","C8, C9, C10, C11, C12, C15, C16, C19, C20","C15008","1206_C"
"22.0 pF","C17, C18","C1653","0603_C"
"25v 100uF","CPP1, CPP2, CPP3, CPP4","C696814","7343_Cap"
"MDD SS210","D1, D2, D3, D4, D5, D7","C14996","DO-214AC"
"1N5819WS","D6, D8, D9","C191023","SOD-323_Cap"
"MCP16331T-E/CH","IC1","C105695","SOT-23-6"
"JST SM06B-SRSS-TB(LF)(SN)","ISP","C160405","JST SM06B-SRSS-TB"
"22uH","L2","C2826664","Sumida CD54"
"White","LB1, LB2, LD1, LD2, LD3, LD4, LD5, LD6, LD7, LD8, LD9, LP1, LP2, LP3, LP4, LP5, LP6, LP7, LP8, LP9, LP10, LP11, LP12, LP13, LP14, LP15","C497944","0805_Led"
"Blue","LN1, LN2, LN3, LN4, LN5, LN6, LN7, LN8, LN9","C497943","0805_Led"
"PluX22 Connector","PluX22","C22067139","PluX22 Female Bottom"
"MMBT5551LT1G","Q1, Q4, Q5, Q6, Q7, Q8, Q9, Q10","C2145","ONSC-SOT-23-3-318-08_V"
"DMMT5551-7-F","Q2","C445514","DIOD-SOT-26-6_M"
"Diodes Inc DMMT5401-7-F","Q3","C154733","DIOD-SOT-26-6_M"
"52.3 kO","R1, R4","C17740","0805_R"
"10.0 kO","R2, R9, R10","C17414","0805_R"
"2 kO","R3, R6, R11, R12, R13, R14, R15, R16, R17","C17604","0805_R"
"120.0 O","R5","C17909","1206_Resistor"
"22.0 O","R7","C17561","0805_R"
"6.8 kO","R8","C17772","0805_R"
"470.0 O","R18, R19","C17710","0805_R"
"3.3 kO","RLB1, RLB2, RLD1, RLD2, RLD3, RLD4, RLD5, RLD6, RLD7, RLD8, RLD9","C26010","0805_R"
"3.9 kO","RLN1, RLN2, RLN3, RLN4, RLN5, RLN6, RLN7, RLN8, RLN9, RLP1, RLP2, RLP3, RLP4, RLP5, RLP6, RLP7, RLP8, RLP9, RLP10, RLP11, RLP12, RLP13, RLP14, RLP15","C17614","0805_R"
"JST SM04B-SRSS-TB(LF)(SN)","SUSI","C160404","JST SM04B-SRSS-TB"
"ATmega128-16AU","U1","C6510","64A_M"
"16 MHz","Y1","C13738","PCB-73bh49k2ct94buydgloj-1"
