Altium Designer Pick and Place Locations
C:\Users\The_F\AppData\Local\TempReleases\Snapshot\1\Assembly\Pick Place\Pick Place for ACME_UIC_Z_A.csv

========================================================================================================================
File Design Information:

Date:       09/11/25
Time:       15:30
Revision:   Not in VersionControl
Variant:    No variations
Units used: mm

"Designator","Comment","Layer","Center-X(mm)","Center-Y(mm)","Rotation"
"R17","2 kO","BottomLayer","268,0000mm","15,5000mm","0"
"Q10","MMBT5551LT1G","BottomLayer","273,0000mm","15,5000mm","0"
"R16","2 kO","BottomLayer","19,0000mm","15,5000mm","0"
"Q9","MMBT5551LT1G","BottomLayer","14,0000mm","15,5000mm","180"
"C23","100nF","TopLayer","127,5000mm","17,4000mm","90"
"C4","10uF","TopLayer","42,5000mm","5,5000mm","0"
"L2","22uH","TopLayer","55,0000mm","12,5000mm","90"
"CPP1","25v 100uF","TopLayer","67,5000mm","5,0000mm","0"
"CPP2","25v 100uF","TopLayer","67,5000mm","10,0000mm","0"
"CPP3","25v 100uF","TopLayer","67,5000mm","15,0000mm","0"
"CPP4","25v 100uF","TopLayer","67,5000mm","20,0000mm","0"
"R3","2 kO","TopLayer","74,5000mm","15,0000mm","90"
"D9","1N5819WS","TopLayer","74,5000mm","10,1000mm","270"
"C11","100.0  F","BottomLayer","57,2000mm","10,0000mm","90"
"C10","100.0  F","BottomLayer","57,2000mm","15,0000mm","270"
"C6","10uF","BottomLayer","42,5000mm","10,0000mm","90"
"C5","10uF","BottomLayer","42,5000mm","15,0000mm","270"
"Y1","16 MHz","TopLayer","158,5000mm","4,0000mm","270"
"C18","22.0 pF","TopLayer","158,5000mm","1,1000mm","0"
"C17","22.0 pF","TopLayer","158,5000mm","6,9000mm","180"
"C3","10uF","TopLayer","42,5000mm","9,5000mm","0"
"C2","10uF","TopLayer","42,5000mm","13,5000mm","0"
"C1","10uF","TopLayer","42,5000mm","17,5000mm","0"
"U1","ATmega128-16AU","TopLayer","143,5000mm","12,5000mm","315"
"C21","100nF","TopLayer","10,2000mm","12,5000mm","90"
"C8","100.0  F","TopLayer","59,8000mm","15,2000mm","270"
"R8","6.8 kO","TopLayer","177,5000mm","8,5000mm","0"
"C12","100.0  F","TopLayer","177,0000mm","19,0000mm","0"
"R9","10.0 kO","TopLayer","177,5000mm","21,5000mm","0"
"R7","22.0 O","TopLayer","177,5000mm","16,5000mm","0"
"Q2","DMMT5551-7-F","TopLayer","177,5000mm","4,5000mm","0"
"Q3","Diodes Inc DMMT5401-7-F","TopLayer","177,5000mm","12,5000mm","270"
"C16","100.0  F","TopLayer","152,0000mm","2,5000mm","90"
"C15","100.0  F","TopLayer","134,5000mm","22,5000mm","180"
"C20","100.0  F","BottomLayer","283,0000mm","16,5000mm","180"
"C19","100.0  F","BottomLayer","4,0000mm","16,5000mm","0"
"C22","100nF","TopLayer","277,0000mm","12,5000mm","270"
"R14","2 kO","BottomLayer","173,0000mm","23,0000mm","180"
"Q6","MMBT5551LT1G","BottomLayer","156,5000mm","22,5000mm","0"
"R13","2 kO","BottomLayer","152,3000mm","22,5000mm","0"
"RLP9","3.9 kO","BottomLayer","161,0000mm","23,0000mm","0"
"RLP7","3.9 kO","BottomLayer","125,8000mm","23,0000mm","0"
"LP7","White","BottomLayer","121,5000mm","23,0000mm","0"
"LP8","White","BottomLayer","143,4000mm","23,0000mm","0"
"RLP8","3.9 kO","BottomLayer","147,8000mm","23,0000mm","0"
"LP9","White","BottomLayer","165,3000mm","23,0000mm","180"
"RLP13","3.9 kO","BottomLayer","248,7000mm","23,0000mm","180"
"LP13","White","BottomLayer","252,8000mm","23,0000mm","180"
"RLP14","3.9 kO","BottomLayer","266,1000mm","23,0000mm","180"
"LP14","White","BottomLayer","270,6000mm","23,0000mm","180"
"Q8","MMBT5551LT1G","BottomLayer","243,7000mm","22,5000mm","0"
"R15","2 kO","BottomLayer","238,7000mm","23,0000mm","180"
"Q7","MMBT5551LT1G","BottomLayer","178,0000mm","22,5000mm","0"
"LP11","White","BottomLayer","209,0000mm","23,0000mm","180"
"LP12","White","BottomLayer","230,9000mm","23,0000mm","180"
"RLP11","3.9 kO","BottomLayer","204,5000mm","23,0000mm","180"
"RLP12","3.9 kO","BottomLayer","226,5000mm","23,0000mm","180"
"LP10","White","BottomLayer","187,1000mm","23,0000mm","180"
"RLP10","3.9 kO","BottomLayer","183,0000mm","23,0000mm","180"
"Q5","MMBT5551LT1G","BottomLayer","108,9000mm","22,5000mm","180"
"R12","2 kO","BottomLayer","113,8000mm","23,0000mm","0"
"RLP6","3.9 kO","BottomLayer","103,9000mm","23,0000mm","0"
"LP6","White","BottomLayer","99,6000mm","23,0000mm","0"
"RLP5","3.9 kO","BottomLayer","82,1000mm","23,0000mm","0"
"LP5","White","BottomLayer","77,7000mm","23,0000mm","0"
"LP4","White","BottomLayer","56,0000mm","23,0000mm","0"
"RLP4","3.9 kO","BottomLayer","60,1000mm","23,0000mm","0"
"RLP2","3.9 kO","BottomLayer","20,5000mm","23,0000mm","0"
"LP2","White","BottomLayer","16,4000mm","23,0000mm","0"
"LD9","White","BottomLayer","250,6000mm","6,0000mm","0"
"LN9","Blue","BottomLayer","250,5600mm","13,2000mm","0"
"RLD9","3.3 kO","BottomLayer","250,5600mm","8,2000mm","180"
"RLN9","3.9 kO","BottomLayer","250,5600mm","11,0000mm","180"
"LD7","White","BottomLayer","197,0400mm","6,0000mm","0"
"LN7","Blue","BottomLayer","197,0400mm","13,2000mm","0"
"RLD7","3.3 kO","BottomLayer","197,0400mm","8,2000mm","180"
"RLN7","3.9 kO","BottomLayer","197,0400mm","11,0000mm","180"
"LD8","White","BottomLayer","223,8000mm","6,0000mm","0"
"LN8","Blue","BottomLayer","223,8000mm","13,2000mm","0"
"RLD8","3.3 kO","BottomLayer","223,8000mm","8,2000mm","180"
"RLN8","3.9 kO","BottomLayer","223,8000mm","11,0000mm","180"
"RLN6","3.9 kO","BottomLayer","170,2800mm","11,0000mm","180"
"RLD6","3.3 kO","BottomLayer","170,2800mm","8,2000mm","180"
"LN6","Blue","BottomLayer","170,2800mm","13,2000mm","0"
"LD6","White","BottomLayer","170,2800mm","6,0000mm","0"
"LD5","White","BottomLayer","143,5000mm","6,0000mm","0"
"LN5","Blue","BottomLayer","143,5000mm","13,2000mm","180"
"RLD5","3.3 kO","BottomLayer","143,5000mm","8,2000mm","180"
"RLN5","3.9 kO","BottomLayer","143,5000mm","11,0000mm","0"
"LD4","White","BottomLayer","116,7600mm","6,0000mm","180"
"LN4","Blue","BottomLayer","116,7600mm","13,2000mm","180"
"RLD4","3.3 kO","BottomLayer","116,7600mm","8,2000mm","0"
"RLN4","3.9 kO","BottomLayer","116,7600mm","11,0000mm","0"
"LD3","White","BottomLayer","90,0000mm","6,0000mm","180"
"LN3","Blue","BottomLayer","90,0000mm","13,2000mm","180"
"RLD3","3.3 kO","BottomLayer","90,0000mm","8,2000mm","0"
"RLN3","3.9 kO","BottomLayer","90,0000mm","11,0000mm","0"
"LD2","White","BottomLayer","63,2400mm","6,0000mm","180"
"LN2","Blue","BottomLayer","63,2400mm","13,2000mm","180"
"RLD2","3.3 kO","BottomLayer","63,2400mm","8,2000mm","0"
"RLN2","3.9 kO","BottomLayer","63,2400mm","11,0000mm","0"
"LD1","White","BottomLayer","36,4800mm","6,0000mm","180"
"LN1","Blue","BottomLayer","36,4800mm","13,2000mm","180"
"RLD1","3.3 kO","BottomLayer","36,4800mm","8,2000mm","0"
"RLN1","3.9 kO","BottomLayer","36,4800mm","11,0000mm","0"
"SUSI","JST SM04B-SRSS-TB(LF)(SN)","TopLayer","121,4250mm","18,0000mm","270"
"RLP15","3.9 kO","BottomLayer","282,0000mm","12,5000mm","90"
"RLP3","3.9 kO","BottomLayer","38,1000mm","23,0000mm","0"
"RLP1","3.9 kO","BottomLayer","5,0000mm","12,5000mm","90"
"RLB2","3.3 kO","BottomLayer","270,6000mm","3,5000mm","180"
"RLB1","3.3 kO","BottomLayer","16,4000mm","3,5000mm","0"
"R19","470.0 O","TopLayer","186,5000mm","16,0000mm","0"
"R18","470.0 O","TopLayer","186,5000mm","14,0000mm","0"
"R11","2 kO","BottomLayer","48,1000mm","23,0000mm","0"
"R10","10.0 kO","TopLayer","127,5000mm","6,0000mm","270"
"R6","2 kO","TopLayer","167,0000mm","9,8000mm","0"
"R5","120.0 O","TopLayer","166,5000mm","17,0000mm","0"
"R4","52.3 kO","TopLayer","167,0000mm","7,5000mm","0"
"R2","10.0 kO","TopLayer","48,5000mm","18,0000mm","0"
"R1","52.3 kO","TopLayer","55,0000mm","18,0000mm","0"
"Q4","MMBT5551LT1G","BottomLayer","43,1000mm","22,5000mm","180"
"Q1","MMBT5551LT1G","TopLayer","167,5000mm","13,0000mm","0"
"LP15","White","BottomLayer","284,5000mm","12,5000mm","90"
"LP3","White","BottomLayer","33,9000mm","23,0000mm","0"
"LP1","White","BottomLayer","2,5000mm","12,5000mm","90"
"LB2","White","BottomLayer","270,6000mm","1,5000mm","0"
"LB1","White","BottomLayer","16,4000mm","1,5000mm","180"
"ISP","JST SM06B-SRSS-TB(LF)(SN)","TopLayer","121,7000mm","6,0000mm","270"
"IC1","MCP16331T-E/CH","TopLayer","48,5000mm","13,0000mm","0"
"D6","1N5819WS","TopLayer","58,5000mm","5,5000mm","0"
"PluX22","PluX22 Connector","BottomLayer","229,4000mm","11,5000mm","270"
"D8","1N5819WS","TopLayer","48,5000mm","16,0000mm","0"
"D7","MDD SS210","TopLayer","50,5000mm","5,5000mm","180"
"D5","MDD SS210","TopLayer","36,5000mm","12,4000mm","90"
"D4","MDD SS210","TopLayer","23,5000mm","10,5000mm","180"
"D3","MDD SS210","TopLayer","30,5000mm","10,5000mm","180"
"D2","MDD SS210","TopLayer","23,5000mm","14,0000mm","180"
"D1","MDD SS210","TopLayer","30,5000mm","14,0000mm","180"
"C14","100nF","TopLayer","149,0000mm","3,5000mm","225"
"C13","100nF","TopLayer","139,0000mm","22,0000mm","45"
"C9","100.0  F","TopLayer","59,8000mm","9,8000mm","90"
"C7","100nF","TopLayer","48,5000mm","9,5000mm","0"
